2025-09-07T16:38:01Z,@21breadjam,V8dcmc9NPEc,bro was ahead of time,2025-09-07T16:38:01Z,sajal,non-hate,2025-12-31 22:33:31.157073
2025-09-09T20:19:16Z,@EntertoAlex,V8dcmc9NPEc,Bro was already 2 steps ahead ğŸ’€ğŸ’€,2025-09-09T20:19:16Z,sajal,non-hate,2025-12-31 22:33:36.410573
2024-05-16T06:32:04Z,@R7Vlog-Et,V8dcmc9NPEc,Anyone 2024ğŸ˜‚,2024-05-16T06:32:04Z,sajal,non-hate,2025-12-31 22:33:40.843462
2024-06-01T19:59:56Z,@modapk908,V8dcmc9NPEc,Best videoğŸ˜‚,2024-06-01T19:59:56Z,sajal,non-hate,2025-12-31 22:33:42.609633
2024-06-21T14:22:08Z,@herobrine9754,V8dcmc9NPEc,2022,2024-06-21T14:22:08Z,sajal,non-hate,2025-12-31 22:33:44.809618
2024-08-11T18:46:53Z,@sujanxerpa9860,V8dcmc9NPEc,à¤ªà¥à¤°à¤šà¤£à¥à¤¡ à¤²à¤¾à¤ˆ à¤—à¤à¤° à¤–à¥à¤•à¥à¤°à¥€ à¤¹à¤¾à¤¨à¥à¤¦à¥‡ à¤®à¤¾à¤šà¤¿à¤•à¥à¤¨à¥‡ ğŸ˜‚ğŸ˜‚ğŸ˜‚ğŸ˜‚,2024-08-11T18:46:53Z,sajal,threat,2025-12-31 22:33:50.396643
2024-08-12T06:21:03Z,@ĞšĞµĞ¼Ñ–Ğ’Ğ°Ğ³Ğ°Ğ½Ğµ,V8dcmc9NPEc,Handey mcâ€‹@sujanxerpa9860,2024-08-12T06:21:03Z,sajal,threat,2025-12-31 22:33:54.006372
2024-09-11T16:58:44Z,@zepyer69,V8dcmc9NPEc,"Visual art refers to art forms that are primarily visual in nature. This includes a wide range of mediums such as painting, drawing, sculpture, photography, printmaking, and digital art.",2024-09-11T16:58:44Z,sajal,non-hate,2025-12-31 22:34:00.386412
2024-09-18T12:37:05Z,@mimikalemgr,V8dcmc9NPEc,Yes,2024-09-18T12:37:05Z,sajal,non-hate,2025-12-31 22:34:02.446994
2024-10-19T08:30:34Z,@BHOTAYTHUG123INTHEHOUSE,V8dcmc9NPEc,IrriğŸ˜‚ğŸ˜‚ğŸ˜‚ğŸ˜‚ğŸ˜‚,2024-10-19T08:30:34Z,sajal,non-hate,2025-12-31 22:34:04.498171
2024-10-20T13:12:24Z,@LUFFY_FF_2,V8dcmc9NPEc,Not I also,2024-10-20T13:12:24Z,sajal,non-hate,2025-12-31 22:34:05.963027
2025-01-13T14:40:19Z,@PrasantBhattarai-yx2te,V8dcmc9NPEc,2025,2025-01-13T14:40:19Z,sajal,non-hate,2025-12-31 22:34:09.478712
